<?xml version="1.0" encoding="UTF-8"?>
<configuration  scan="true" scanPeriod="30 seconds" >
	<property name="LOG_HOME" value="logs"/>
	<appender name="STDOUT" class="ch.qos.logback.core.ConsoleAppender">
		<layout class="ch.qos.logback.classic.PatternLayout">
			<Pattern>
				%d{yyyy-MM-dd HH:mm:ss.SSS} [%thread] %-5level %logger{50} - %msg%n
			</Pattern>
		</layout>
	</appender>
	<appender name="FILE" class="ch.qos.logback.core.rolling.RollingFileAppender">
		<rollingPolicy class="ch.qos.logback.core.rolling.SizeAndTimeBasedRollingPolicy">
			<!-- rollover daily -->
			<fileNamePattern>D:/log/logs-storm/mylog-%d{yyyy-MM-dd}.%i.txt</fileNamePattern>
			<!-- each file should be at most 10MB, keep 31 days worth of history, but at most 10GB -->
			<maxFileSize>10MB</maxFileSize>
			<maxHistory>31</maxHistory>
			<totalSizeCap>10GB</totalSizeCap>
		</rollingPolicy>
		<layout class="ch.qos.logback.classic.PatternLayout">
			<Pattern>
				%d{yyyy-MM-dd HH:mm:ss.SSS} [%thread] %-5level %logger{50} - %msg%n
			</Pattern>
		</layout>
	</appender>
		
	<root level="INFO">
		<appender-ref ref="STDOUT"/>
		<appender-ref ref="FILE" />
	</root>

</configuration>